{
  "name": "qunit",
  "main": [
    "qunit/qunit.js",
    "qunit/qunit.css"
  ],
  "license": "https://github.com/jquery/qunit/blob/master/LICENSE.txt",
  "ignore": [
    "**/.*",
    "!LICENSE.txt",
    "package.json",
    "Gruntfile.js",
    "node_modules",
    "test"
  ],
  "version": "1.19.0",
  "homepage": "https://github.com/jquery/qunit",
  "_release": "1.19.0",
  "_resolution": {
    "type": "version",
    "tag": "1.19.0",
    "commit": "467e7e34652ad7d5883ce9c568461cf8c5e172a8"
  },
  "_source": "https://github.com/jquery/qunit.git",
  "_target": "1.19.0",
  "_originalSource": "qunit",
  "_direct": true
}