{
  "name": "angular-mocks",
  "version": "1.4.6",
  "main": "./angular-mocks.js",
  "ignore": [],
  "dependencies": {
    "angular": "1.4.6"
  },
  "homepage": "https://github.com/angular/bower-angular-mocks",
  "_release": "1.4.6",
  "_resolution": {
    "type": "version",
    "tag": "v1.4.6",
    "commit": "14a5cb33e87b51ff10ad92ba74fceb257fd2d7ed"
  },
  "_source": "https://github.com/angular/bower-angular-mocks.git",
  "_target": "1.4.6",
  "_originalSource": "angular-mocks",
  "_direct": true
}